var	bucket_batch
*'	CORE|P1 bit ops + primitive casts + auto-promoting arithmetic (pure portable, Rust builtin, bit-and/bit-or already present so this is just sibling completion)
*1	HOST|dep: dynamic-var + thread-local binding stack (special form `def`/`var` exist; `binding` does not)
*2	HOST|dep: dynamic-var + thread-local binding stack (special form `def`/`var` exist; `binding` does not)
*3	HOST|dep: dynamic-var + thread-local binding stack (special form `def`/`var` exist; `binding` does not)
*agent*	HOST|dep: agent subsystem (no agent send-queue/executor model)
*allow-unresolved-vars*	JVM|classpath & compiler internals -- drop
*assert*	HOST|dep: dynamic-var + thread-local binding stack (special form `def`/`var` exist; `binding` does not)
*clojure-version*	JVM|classpath & compiler internals -- drop
*command-line-args*	JVM|classpath & compiler internals -- drop
*compile-files*	JVM|classpath & compiler internals -- drop
*compile-path*	JVM|classpath & compiler internals -- drop
*compiler-options*	JVM|classpath & compiler internals -- drop
*data-readers*	HOST|dep: dynamic-var + thread-local binding stack (special form `def`/`var` exist; `binding` does not)
*default-data-reader-fn*	HOST|dep: dynamic-var + thread-local binding stack (special form `def`/`var` exist; `binding` does not)
*e	HOST|dep: dynamic-var + thread-local binding stack (special form `def`/`var` exist; `binding` does not)
*err*	HOST|dep: dynamic-var + thread-local binding stack (special form `def`/`var` exist; `binding` does not)
*file*	JVM|classpath & compiler internals -- drop
*flush-on-newline*	HOST|dep: dynamic-var + thread-local binding stack (special form `def`/`var` exist; `binding` does not)
*fn-loader*	JVM|classpath & compiler internals -- drop
*in*	HOST|dep: dynamic-var + thread-local binding stack (special form `def`/`var` exist; `binding` does not)
*math-context*	HOST|dep: dynamic-var + thread-local binding stack (special form `def`/`var` exist; `binding` does not)
*ns*	HOST|dep: dynamic-var + thread-local binding stack (special form `def`/`var` exist; `binding` does not)
*out*	HOST|dep: dynamic-var + thread-local binding stack (special form `def`/`var` exist; `binding` does not)
*print-dup*	HOST|dep: dynamic-var + thread-local binding stack (special form `def`/`var` exist; `binding` does not)
*print-length*	HOST|dep: dynamic-var + thread-local binding stack (special form `def`/`var` exist; `binding` does not)
*print-level*	HOST|dep: dynamic-var + thread-local binding stack (special form `def`/`var` exist; `binding` does not)
*print-meta*	HOST|dep: dynamic-var + thread-local binding stack (special form `def`/`var` exist; `binding` does not)
*print-namespace-maps*	HOST|dep: dynamic-var + thread-local binding stack (special form `def`/`var` exist; `binding` does not)
*print-readably*	HOST|dep: dynamic-var + thread-local binding stack (special form `def`/`var` exist; `binding` does not)
*read-eval*	HOST|dep: dynamic-var + thread-local binding stack (special form `def`/`var` exist; `binding` does not)
*reader-resolver*	HOST|dep: dynamic-var + thread-local binding stack (special form `def`/`var` exist; `binding` does not)
*repl*	JVM|classpath & compiler internals -- drop
*source-path*	JVM|classpath & compiler internals -- drop
*suppress-read*	HOST|dep: dynamic-var + thread-local binding stack (special form `def`/`var` exist; `binding` does not)
*unchecked-math*	JVM|classpath & compiler internals -- drop
*use-context-classloader*	JVM|classpath & compiler internals -- drop
*verbose-defrecords*	JVM|classpath & compiler internals -- drop
*warn-on-reflection*	JVM|classpath & compiler internals -- drop
+'	CORE|P1 bit ops + primitive casts + auto-promoting arithmetic (pure portable, Rust builtin, bit-and/bit-or already present so this is just sibling completion)
-'	CORE|P1 bit ops + primitive casts + auto-promoting arithmetic (pure portable, Rust builtin, bit-and/bit-or already present so this is just sibling completion)
->ArrayChunk	HOST|dep: chunked-seq public API (implementation internals of Clojure's own chunking strategy -- low value to replicate; mova's seqs are simply non-chunked)
->Eduction	HOST|dep: chunked-seq public API (implementation internals of Clojure's own chunking strategy -- low value to replicate; mova's seqs are simply non-chunked)
->Vec	HOST|dep: chunked-seq public API (implementation internals of Clojure's own chunking strategy -- low value to replicate; mova's seqs are simply non-chunked)
->VecNode	HOST|dep: chunked-seq public API (implementation internals of Clojure's own chunking strategy -- low value to replicate; mova's seqs are simply non-chunked)
->VecSeq	HOST|dep: chunked-seq public API (implementation internals of Clojure's own chunking strategy -- low value to replicate; mova's seqs are simply non-chunked)
-cache-protocol-fn	HOST|dep: protocols/multimethods/records/deftype/reify (none of defprotocol/defmulti/deftype exist; no dispatch-hierarchy)
-reset-methods	HOST|dep: protocols/multimethods/records/deftype/reify (none of defprotocol/defmulti/deftype exist; no dispatch-hierarchy)
..	JVM|Java interop chaining macro -- drop (no Java objects in mova)
==	CORE|P0 numeric-tower-adjacent equality (ties to the = numeric-type conformance bug found in Half 2)
EMPTY-NODE	HOST|dep: chunked-seq public API (implementation internals of Clojure's own chunking strategy -- low value to replicate; mova's seqs are simply non-chunked)
Inst	HOST|dep: protocols (Inst is a clojure.instant protocol tag)
NaN?	CORE|P0 fundamental predicates (pure-mova/cheap Rust builtin)
PrintWriter-on	HOST|dep: printer multimethod extension points (print-method etc. are multimethods -- see protocols/multimethods above)
StackTraceElement->vec	JVM|exception/stacktrace interop -- drop (mova already has ex-message/ex-data/ex-cause style)
Throwable->map	JVM|exception/stacktrace interop -- drop (mova already has ex-message/ex-data/ex-cause style)
accessor	HOST|dep: protocols/multimethods/records/deftype/reify (none of defprotocol/defmulti/deftype exist; no dispatch-hierarchy)
aclone	HOST|dep: array Value variant (no primitive/object array type at all)
add-classpath	JVM|classpath & compiler internals -- drop
add-tap	CORE|P1 misc small facility (global pub/sub list -- Rust builtin, moderate)
add-watch	CORE|P1 existing-subsystem completion (atoms present, CAS/validator/watch ops aren't)
agent	HOST|dep: agent subsystem (no agent send-queue/executor model)
agent-error	HOST|dep: agent subsystem (no agent send-queue/executor model)
agent-errors	HOST|dep: agent subsystem (no agent send-queue/executor model)
aget	HOST|dep: array Value variant (no primitive/object array type at all)
alength	HOST|dep: array Value variant (no primitive/object array type at all)
alias	HOST|dep: dynamic-var + thread-local binding stack (special form `def`/`var` exist; `binding` does not)
all-ns	HOST|dep: namespace-as-first-class-value (ns/require exist as loader mechanics, not introspectable objects)
alter	HOST|dep: STM / refs (no transactional-memory subsystem)
alter-meta!	HOST|dep: metadata (no meta field on Value at all -- P0, blocks with-meta/vary-meta callers, docstrings-as-data, ^:dynamic, etc.)
alter-var-root	CORE|P1 existing-subsystem completion (Value::Var + (var x) present, accessor fns aren't)
amap	HOST|dep: array Value variant (no primitive/object array type at all)
ancestors	HOST|dep: type/dispatch hierarchy system (backs multimethods + isa?)
any?	CORE|P0 fundamental predicates (pure-mova/cheap Rust builtin)
areduce	HOST|dep: array Value variant (no primitive/object array type at all)
array-map	CORE|P0 core seq/coll gaps (pure-mova or thin Rust builtin, everyday idioms)
as->	CORE|P0 core seq/coll gaps (pure-mova or thin Rust builtin, everyday idioms)
aset	HOST|dep: array Value variant (no primitive/object array type at all)
aset-boolean	HOST|dep: array Value variant (no primitive/object array type at all)
aset-byte	HOST|dep: array Value variant (no primitive/object array type at all)
aset-char	HOST|dep: array Value variant (no primitive/object array type at all)
aset-double	HOST|dep: array Value variant (no primitive/object array type at all)
aset-float	HOST|dep: array Value variant (no primitive/object array type at all)
aset-int	HOST|dep: array Value variant (no primitive/object array type at all)
aset-long	HOST|dep: array Value variant (no primitive/object array type at all)
aset-short	HOST|dep: array Value variant (no primitive/object array type at all)
assert	CORE|P0 core seq/coll gaps (pure-mova or thin Rust builtin, everyday idioms)
associative?	CORE|P0 fundamental predicates (pure-mova/cheap Rust builtin)
await	HOST|dep: agent subsystem (no agent send-queue/executor model)
await-for	HOST|dep: agent subsystem (no agent send-queue/executor model)
await1	HOST|dep: agent subsystem (no agent send-queue/executor model)
bases	HOST|dep: type/dispatch hierarchy system (backs multimethods + isa?)
bean	JVM|reflection/class objects -- no mova equivalent, drop or shim as opaque
bigdec	CORE|P0 numeric tower (Rust builtin, new Value variants: Ratio/BigInt/BigDecimal)
bigint	CORE|P0 numeric tower (Rust builtin, new Value variants: Ratio/BigInt/BigDecimal)
biginteger	CORE|P0 numeric tower (Rust builtin, new Value variants: Ratio/BigInt/BigDecimal)
binding	HOST|dep: dynamic-var + thread-local binding stack (special form `def`/`var` exist; `binding` does not)
bit-and-not	CORE|P1 bit ops + primitive casts + auto-promoting arithmetic (pure portable, Rust builtin, bit-and/bit-or already present so this is just sibling completion)
bit-clear	CORE|P1 bit ops + primitive casts + auto-promoting arithmetic (pure portable, Rust builtin, bit-and/bit-or already present so this is just sibling completion)
bit-flip	CORE|P1 bit ops + primitive casts + auto-promoting arithmetic (pure portable, Rust builtin, bit-and/bit-or already present so this is just sibling completion)
bit-set	CORE|P1 bit ops + primitive casts + auto-promoting arithmetic (pure portable, Rust builtin, bit-and/bit-or already present so this is just sibling completion)
bit-test	CORE|P1 bit ops + primitive casts + auto-promoting arithmetic (pure portable, Rust builtin, bit-and/bit-or already present so this is just sibling completion)
boolean-array	HOST|dep: array Value variant (no primitive/object array type at all)
boolean?	CORE|P0 fundamental predicates (pure-mova/cheap Rust builtin)
booleans	HOST|dep: array Value variant (no primitive/object array type at all)
bound-fn	HOST|dep: dynamic-var + thread-local binding stack (special form `def`/`var` exist; `binding` does not)
bound-fn*	HOST|dep: dynamic-var + thread-local binding stack (special form `def`/`var` exist; `binding` does not)
bound?	HOST|dep: dynamic-var + thread-local binding stack (special form `def`/`var` exist; `binding` does not)
bounded-count	CORE|P1 reduction/seq helpers (pure-mova, cheap)
byte	CORE|P1 bit ops + primitive casts + auto-promoting arithmetic (pure portable, Rust builtin, bit-and/bit-or already present so this is just sibling completion)
byte-array	HOST|dep: array Value variant (no primitive/object array type at all)
bytes	HOST|dep: array Value variant (no primitive/object array type at all)
bytes?	CORE|P0 fundamental predicates (pure-mova/cheap Rust builtin)
cast	JVM|reflection/class objects -- no mova equivalent, drop or shim as opaque
cat	CORE|P0 transducer-core (Rust builtin, big lift, architecturally foundational)
char-array	HOST|dep: array Value variant (no primitive/object array type at all)
char-escape-string	JVM|reader/printer implementation internals tied to Clojure's own compiler -- drop (mova reader/destructuring implemented natively in Rust)
char-name-string	JVM|reader/printer implementation internals tied to Clojure's own compiler -- drop (mova reader/destructuring implemented natively in Rust)
chars	HOST|dep: array Value variant (no primitive/object array type at all)
chunk	HOST|dep: chunked-seq public API (implementation internals of Clojure's own chunking strategy -- low value to replicate; mova's seqs are simply non-chunked)
chunk-append	HOST|dep: chunked-seq public API (implementation internals of Clojure's own chunking strategy -- low value to replicate; mova's seqs are simply non-chunked)
chunk-buffer	HOST|dep: chunked-seq public API (implementation internals of Clojure's own chunking strategy -- low value to replicate; mova's seqs are simply non-chunked)
chunk-cons	HOST|dep: chunked-seq public API (implementation internals of Clojure's own chunking strategy -- low value to replicate; mova's seqs are simply non-chunked)
chunk-first	HOST|dep: chunked-seq public API (implementation internals of Clojure's own chunking strategy -- low value to replicate; mova's seqs are simply non-chunked)
chunk-next	HOST|dep: chunked-seq public API (implementation internals of Clojure's own chunking strategy -- low value to replicate; mova's seqs are simply non-chunked)
chunk-rest	HOST|dep: chunked-seq public API (implementation internals of Clojure's own chunking strategy -- low value to replicate; mova's seqs are simply non-chunked)
chunked-seq?	HOST|dep: chunked-seq public API (implementation internals of Clojure's own chunking strategy -- low value to replicate; mova's seqs are simply non-chunked)
class	JVM|reflection/class objects -- no mova equivalent, drop or shim as opaque
class?	JVM|reflection/class objects -- no mova equivalent, drop or shim as opaque
clear-agent-errors	HOST|dep: agent subsystem (no agent send-queue/executor model)
clojure-version	JVM|classpath & compiler internals -- drop
commute	HOST|dep: STM / refs (no transactional-memory subsystem)
comparator	CORE|P0 equality/compare/hash (Rust builtin, needed by sorted-*/custom impls too)
compare	CORE|P0 equality/compare/hash (Rust builtin, needed by sorted-*/custom impls too)
compare-and-set!	CORE|P1 existing-subsystem completion (atoms present, CAS/validator/watch ops aren't)
compile	JVM|classpath & compiler internals -- drop
completing	CORE|P0 transducer-core (Rust builtin, big lift, architecturally foundational)
construct-proxy	JVM|gen-class/proxy/interop-class-generation -- drop (no bytecode gen host)
counted?	CORE|P0 fundamental predicates (pure-mova/cheap Rust builtin)
create-ns	HOST|dep: namespace-as-first-class-value (ns/require exist as loader mechanics, not introspectable objects)
create-struct	HOST|dep: protocols/multimethods/records/deftype/reify (none of defprotocol/defmulti/deftype exist; no dispatch-hierarchy)
dec'	CORE|P1 bit ops + primitive casts + auto-promoting arithmetic (pure portable, Rust builtin, bit-and/bit-or already present so this is just sibling completion)
decimal?	CORE|P0 numeric tower (Rust builtin, new Value variants: Ratio/BigInt/BigDecimal)
dedupe	CORE|P0 core seq/coll gaps (pure-mova or thin Rust builtin, everyday idioms)
default-data-readers	HOST|dep: dynamic-var + thread-local binding stack (special form `def`/`var` exist; `binding` does not)
definline	JVM|gen-class/proxy/interop-class-generation -- drop (no bytecode gen host)
definterface	JVM|gen-class/proxy/interop-class-generation -- drop (no bytecode gen host)
defmacro	ALREADY-PRESENT|special-form (verified working)
defmethod	HOST|dep: protocols/multimethods/records/deftype/reify (none of defprotocol/defmulti/deftype exist; no dispatch-hierarchy)
defmulti	HOST|dep: protocols/multimethods/records/deftype/reify (none of defprotocol/defmulti/deftype exist; no dispatch-hierarchy)
defprotocol	HOST|dep: protocols/multimethods/records/deftype/reify (none of defprotocol/defmulti/deftype exist; no dispatch-hierarchy)
defrecord	HOST|dep: protocols/multimethods/records/deftype/reify (none of defprotocol/defmulti/deftype exist; no dispatch-hierarchy)
defstruct	HOST|dep: protocols/multimethods/records/deftype/reify (none of defprotocol/defmulti/deftype exist; no dispatch-hierarchy)
deftype	HOST|dep: protocols/multimethods/records/deftype/reify (none of defprotocol/defmulti/deftype exist; no dispatch-hierarchy)
denominator	CORE|P0 numeric tower (Rust builtin, new Value variants: Ratio/BigInt/BigDecimal)
derive	HOST|dep: type/dispatch hierarchy system (backs multimethods + isa?)
descendants	HOST|dep: type/dispatch hierarchy system (backs multimethods + isa?)
destructure	JVM|reader/printer implementation internals tied to Clojure's own compiler -- drop (mova reader/destructuring implemented natively in Rust)
disj!	CORE|P1 existing-subsystem completion (transients: assoc!/conj! present, siblings aren't -- Rust builtin, easy)
dissoc!	CORE|P1 existing-subsystem completion (transients: assoc!/conj! present, siblings aren't -- Rust builtin, easy)
distinct?	CORE|P0 core seq/coll gaps (pure-mova or thin Rust builtin, everyday idioms)
dosync	HOST|dep: STM / refs (no transactional-memory subsystem)
doto	CORE|P0 core seq/coll gaps (pure-mova or thin Rust builtin, everyday idioms)
double-array	HOST|dep: array Value variant (no primitive/object array type at all)
double?	CORE|P0 fundamental predicates (pure-mova/cheap Rust builtin)
doubles	HOST|dep: array Value variant (no primitive/object array type at all)
drop-last	CORE|P0 core seq/coll gaps (pure-mova or thin Rust builtin, everyday idioms)
eduction	CORE|P0 transducer-core (Rust builtin, big lift, architecturally foundational)
ensure	HOST|dep: STM / refs (no transactional-memory subsystem)
ensure-reduced	CORE|P0 transducer-core (Rust builtin, big lift, architecturally foundational)
enumeration-seq	JVM|Java-collection/iterator/XML/JDBC interop -- drop
error-handler	HOST|dep: agent subsystem (no agent send-queue/executor model)
error-mode	HOST|dep: agent subsystem (no agent send-queue/executor model)
every-pred	CORE|P0 core seq/coll gaps (pure-mova or thin Rust builtin, everyday idioms)
ex-cause	JVM|exception/stacktrace interop -- drop (mova already has ex-message/ex-data/ex-cause style)
extend	HOST|dep: protocols/multimethods/records/deftype/reify (none of defprotocol/defmulti/deftype exist; no dispatch-hierarchy)
extend-protocol	HOST|dep: protocols/multimethods/records/deftype/reify (none of defprotocol/defmulti/deftype exist; no dispatch-hierarchy)
extend-type	HOST|dep: protocols/multimethods/records/deftype/reify (none of defprotocol/defmulti/deftype exist; no dispatch-hierarchy)
extenders	HOST|dep: protocols/multimethods/records/deftype/reify (none of defprotocol/defmulti/deftype exist; no dispatch-hierarchy)
extends?	HOST|dep: protocols/multimethods/records/deftype/reify (none of defprotocol/defmulti/deftype exist; no dispatch-hierarchy)
ffirst	CORE|P0 core seq/coll gaps (pure-mova or thin Rust builtin, everyday idioms)
file-seq	CORE|P2 host filesystem I/O (Rust has fs access; needs File/stream builtins)
find	CORE|P0 core seq/coll gaps (pure-mova or thin Rust builtin, everyday idioms)
find-keyword	CORE|P2 misc
find-ns	HOST|dep: namespace-as-first-class-value (ns/require exist as loader mechanics, not introspectable objects)
find-protocol-impl	HOST|dep: protocols/multimethods/records/deftype/reify (none of defprotocol/defmulti/deftype exist; no dispatch-hierarchy)
find-protocol-method	HOST|dep: protocols/multimethods/records/deftype/reify (none of defprotocol/defmulti/deftype exist; no dispatch-hierarchy)
find-var	HOST|dep: dynamic-var + thread-local binding stack (special form `def`/`var` exist; `binding` does not)
float-array	HOST|dep: array Value variant (no primitive/object array type at all)
floats	HOST|dep: array Value variant (no primitive/object array type at all)
flush	CORE|P1 string/printing (Rust builtin: format needs a printf-style formatter)
fn	ALREADY-PRESENT|special-form (verified working)
fnext	CORE|P0 core seq/coll gaps (pure-mova or thin Rust builtin, everyday idioms)
format	CORE|P1 string/printing (Rust builtin: format needs a printf-style formatter)
future-call	CORE|P1 existing-subsystem completion (futures present, accessor ops aren't)
future-cancel	CORE|P1 existing-subsystem completion (futures present, accessor ops aren't)
future-cancelled?	CORE|P1 existing-subsystem completion (futures present, accessor ops aren't)
future-done?	CORE|P1 existing-subsystem completion (futures present, accessor ops aren't)
gen-class	JVM|gen-class/proxy/interop-class-generation -- drop (no bytecode gen host)
gen-interface	JVM|gen-class/proxy/interop-class-generation -- drop (no bytecode gen host)
get-method	HOST|dep: protocols/multimethods/records/deftype/reify (none of defprotocol/defmulti/deftype exist; no dispatch-hierarchy)
get-proxy-class	JVM|gen-class/proxy/interop-class-generation -- drop (no bytecode gen host)
get-thread-bindings	HOST|dep: dynamic-var + thread-local binding stack (special form `def`/`var` exist; `binding` does not)
get-validator	CORE|P1 existing-subsystem completion (atoms present, CAS/validator/watch ops aren't)
halt-when	CORE|P0 transducer-core (Rust builtin, big lift, architecturally foundational)
hash	CORE|P0 equality/compare/hash (Rust builtin, needed by sorted-*/custom impls too)
hash-combine	CORE|P0 equality/compare/hash (Rust builtin, needed by sorted-*/custom impls too)
hash-ordered-coll	CORE|P0 equality/compare/hash (Rust builtin, needed by sorted-*/custom impls too)
hash-unordered-coll	CORE|P0 equality/compare/hash (Rust builtin, needed by sorted-*/custom impls too)
ident?	CORE|P0 fundamental predicates (pure-mova/cheap Rust builtin)
if-some	CORE|P0 core seq/coll gaps (pure-mova or thin Rust builtin, everyday idioms)
ifn?	CORE|P0 fundamental predicate (missed on first pass)
import	HOST|dep: namespace-as-first-class-value (ns/require exist as loader mechanics, not introspectable objects)
in-ns	HOST|dep: namespace-as-first-class-value (ns/require exist as loader mechanics, not introspectable objects)
inc'	CORE|P1 bit ops + primitive casts + auto-promoting arithmetic (pure portable, Rust builtin, bit-and/bit-or already present so this is just sibling completion)
indexed?	CORE|P0 fundamental predicates (pure-mova/cheap Rust builtin)
infinite?	CORE|P0 fundamental predicates (pure-mova/cheap Rust builtin)
init-proxy	JVM|gen-class/proxy/interop-class-generation -- drop (no bytecode gen host)
inst-ms	CORE|P0 fundamental predicates (pure-mova/cheap Rust builtin)
inst-ms*	CORE|P0 fundamental predicates (pure-mova/cheap Rust builtin)
inst?	CORE|P0 fundamental predicates (pure-mova/cheap Rust builtin)
instance?	JVM|reflection/class objects -- no mova equivalent, drop or shim as opaque
int-array	HOST|dep: array Value variant (no primitive/object array type at all)
intern	HOST|dep: namespace-as-first-class-value (ns/require exist as loader mechanics, not introspectable objects)
into-array	HOST|dep: array Value variant (no primitive/object array type at all)
ints	HOST|dep: array Value variant (no primitive/object array type at all)
io!	HOST|dep: locking primitive / resource-close protocol
isa?	HOST|dep: type/dispatch hierarchy system (backs multimethods + isa?)
iteration	CORE|P0 transducer-core (Rust builtin, big lift, architecturally foundational)
iterator-seq	JVM|Java-collection/iterator/XML/JDBC interop -- drop
key	CORE|P0 core seq/coll gaps (pure-mova or thin Rust builtin, everyday idioms)
lazy-cat	CORE|P0 core seq/coll gaps (pure-mova or thin Rust builtin, everyday idioms)
let	ALREADY-PRESENT|special-form (verified working)
line-seq	CORE|P1 reduction/seq helpers (pure-mova, cheap)
list*	CORE|P0 core seq/coll gaps (pure-mova or thin Rust builtin, everyday idioms)
load	JVM|classpath & compiler internals -- drop
load-file	JVM|classpath & compiler internals -- drop
load-reader	JVM|classpath & compiler internals -- drop
load-string	JVM|classpath & compiler internals -- drop
loaded-libs	HOST|dep: namespace-as-first-class-value (ns/require exist as loader mechanics, not introspectable objects)
locking	HOST|dep: locking primitive / resource-close protocol
long-array	HOST|dep: array Value variant (no primitive/object array type at all)
longs	HOST|dep: array Value variant (no primitive/object array type at all)
loop	ALREADY-PRESENT|special-form (verified working)
macroexpand	ALREADY-PRESENT|special-form (verified working)
macroexpand-1	ALREADY-PRESENT|special-form (verified working)
make-array	HOST|dep: array Value variant (no primitive/object array type at all)
make-hierarchy	HOST|dep: type/dispatch hierarchy system (backs multimethods + isa?)
map-entry?	CORE|P0 core seq/coll gaps (pure-mova or thin Rust builtin, everyday idioms)
memfn	JVM|gen-class/proxy/interop-class-generation -- drop (no bytecode gen host)
meta	HOST|dep: metadata (no meta field on Value at all -- P0, blocks with-meta/vary-meta callers, docstrings-as-data, ^:dynamic, etc.)
method-sig	JVM|gen-class/proxy/interop-class-generation -- drop (no bytecode gen host)
methods	HOST|dep: protocols/multimethods/records/deftype/reify (none of defprotocol/defmulti/deftype exist; no dispatch-hierarchy)
mix-collection-hash	CORE|P0 equality/compare/hash (Rust builtin, needed by sorted-*/custom impls too)
munge	JVM|reader/printer implementation internals tied to Clojure's own compiler -- drop (mova reader/destructuring implemented natively in Rust)
namespace	JVM|misc JVM-only
namespace-munge	JVM|reader/printer implementation internals tied to Clojure's own compiler -- drop (mova reader/destructuring implemented natively in Rust)
nat-int?	CORE|P0 fundamental predicates (pure-mova/cheap Rust builtin)
neg-int?	CORE|P0 fundamental predicates (pure-mova/cheap Rust builtin)
newline	CORE|P1 string/printing (Rust builtin: format needs a printf-style formatter)
nfirst	CORE|P0 core seq/coll gaps (pure-mova or thin Rust builtin, everyday idioms)
nnext	CORE|P0 core seq/coll gaps (pure-mova or thin Rust builtin, everyday idioms)
ns	ALREADY-PRESENT|special-form (verified working)
ns-aliases	HOST|dep: namespace-as-first-class-value (ns/require exist as loader mechanics, not introspectable objects)
ns-imports	HOST|dep: namespace-as-first-class-value (ns/require exist as loader mechanics, not introspectable objects)
ns-interns	HOST|dep: namespace-as-first-class-value (ns/require exist as loader mechanics, not introspectable objects)
ns-map	HOST|dep: namespace-as-first-class-value (ns/require exist as loader mechanics, not introspectable objects)
ns-name	HOST|dep: namespace-as-first-class-value (ns/require exist as loader mechanics, not introspectable objects)
ns-publics	HOST|dep: namespace-as-first-class-value (ns/require exist as loader mechanics, not introspectable objects)
ns-refers	HOST|dep: namespace-as-first-class-value (ns/require exist as loader mechanics, not introspectable objects)
ns-resolve	HOST|dep: namespace-as-first-class-value (ns/require exist as loader mechanics, not introspectable objects)
ns-unalias	HOST|dep: namespace-as-first-class-value (ns/require exist as loader mechanics, not introspectable objects)
ns-unmap	HOST|dep: namespace-as-first-class-value (ns/require exist as loader mechanics, not introspectable objects)
nthnext	CORE|P0 core seq/coll gaps (pure-mova or thin Rust builtin, everyday idioms)
nthrest	CORE|P0 core seq/coll gaps (pure-mova or thin Rust builtin, everyday idioms)
num	CORE|P0 numeric tower (Rust builtin, new Value variants: Ratio/BigInt/BigDecimal)
numerator	CORE|P0 numeric tower (Rust builtin, new Value variants: Ratio/BigInt/BigDecimal)
object-array	HOST|dep: array Value variant (no primitive/object array type at all)
parents	HOST|dep: type/dispatch hierarchy system (backs multimethods + isa?)
parse-boolean	CORE|P0 core seq/coll gaps (pure-mova or thin Rust builtin, everyday idioms)
parse-uuid	CORE|P0 core seq/coll gaps (pure-mova or thin Rust builtin, everyday idioms)
partition-by	CORE|P0 core seq/coll gaps (pure-mova or thin Rust builtin, everyday idioms)
partitionv	CORE|P0 core seq/coll gaps (pure-mova or thin Rust builtin, everyday idioms)
partitionv-all	CORE|P0 core seq/coll gaps (pure-mova or thin Rust builtin, everyday idioms)
pcalls	CORE|P1 parallelism built on existing future infra (Rust builtin/pure-mova)
pmap	CORE|P1 parallelism built on existing future infra (Rust builtin/pure-mova)
pop!	CORE|P1 existing-subsystem completion (transients: assoc!/conj! present, siblings aren't -- Rust builtin, easy)
pop-thread-bindings	HOST|dep: dynamic-var + thread-local binding stack (special form `def`/`var` exist; `binding` does not)
pos-int?	CORE|P0 fundamental predicates (pure-mova/cheap Rust builtin)
prefer-method	HOST|dep: protocols/multimethods/records/deftype/reify (none of defprotocol/defmulti/deftype exist; no dispatch-hierarchy)
prefers	HOST|dep: protocols/multimethods/records/deftype/reify (none of defprotocol/defmulti/deftype exist; no dispatch-hierarchy)
primitives-classnames	JVM|gen-class/proxy/interop-class-generation -- drop (no bytecode gen host)
print-ctor	HOST|dep: printer multimethod extension points (print-method etc. are multimethods -- see protocols/multimethods above)
print-dup	HOST|dep: printer multimethod extension points (print-method etc. are multimethods -- see protocols/multimethods above)
print-method	HOST|dep: printer multimethod extension points (print-method etc. are multimethods -- see protocols/multimethods above)
print-simple	HOST|dep: printer multimethod extension points (print-method etc. are multimethods -- see protocols/multimethods above)
print-str	CORE|P1 string/printing (Rust builtin: format needs a printf-style formatter)
printf	CORE|P1 string/printing (Rust builtin: format needs a printf-style formatter)
println-str	CORE|P1 string/printing (Rust builtin: format needs a printf-style formatter)
prn-str	CORE|P1 string/printing (Rust builtin: format needs a printf-style formatter)
proxy	JVM|gen-class/proxy/interop-class-generation -- drop (no bytecode gen host)
proxy-call-with-super	JVM|gen-class/proxy/interop-class-generation -- drop (no bytecode gen host)
proxy-mappings	JVM|gen-class/proxy/interop-class-generation -- drop (no bytecode gen host)
proxy-name	JVM|gen-class/proxy/interop-class-generation -- drop (no bytecode gen host)
proxy-super	JVM|gen-class/proxy/interop-class-generation -- drop (no bytecode gen host)
push-thread-bindings	HOST|dep: dynamic-var + thread-local binding stack (special form `def`/`var` exist; `binding` does not)
pvalues	CORE|P1 parallelism built on existing future infra (Rust builtin/pure-mova)
qualified-ident?	CORE|P0 fundamental predicates (pure-mova/cheap Rust builtin)
qualified-keyword?	CORE|P0 fundamental predicates (pure-mova/cheap Rust builtin)
qualified-symbol?	CORE|P0 fundamental predicates (pure-mova/cheap Rust builtin)
rand	CORE|P0 core seq/coll gaps (pure-mova or thin Rust builtin, everyday idioms)
rand-int	CORE|P0 core seq/coll gaps (pure-mova or thin Rust builtin, everyday idioms)
rand-nth	CORE|P0 core seq/coll gaps (pure-mova or thin Rust builtin, everyday idioms)
random-sample	CORE|P0 core seq/coll gaps (pure-mova or thin Rust builtin, everyday idioms)
random-uuid	CORE|P0 core seq/coll gaps (pure-mova or thin Rust builtin, everyday idioms)
ratio?	CORE|P0 numeric tower (Rust builtin, new Value variants: Ratio/BigInt/BigDecimal)
rational?	CORE|P0 numeric tower (Rust builtin, new Value variants: Ratio/BigInt/BigDecimal)
rationalize	CORE|P0 numeric tower (Rust builtin, new Value variants: Ratio/BigInt/BigDecimal)
re-groups	CORE|P1 reduction/seq helpers (pure-mova, cheap)
re-matcher	CORE|P1 reduction/seq helpers (pure-mova, cheap)
read	CORE|P2 host filesystem I/O (Rust has fs access; needs File/stream builtins)
read+string	CORE|P2 host filesystem I/O (Rust has fs access; needs File/stream builtins)
reader-conditional	CORE|P2 reader-adjacent value types (pure-mova/small Rust builtin)
reader-conditional?	CORE|P2 reader-adjacent value types (pure-mova/small Rust builtin)
record?	HOST|dep: protocols/multimethods/records/deftype/reify (none of defprotocol/defmulti/deftype exist; no dispatch-hierarchy)
reduced	CORE|P0 transducer-core (Rust builtin, big lift, architecturally foundational)
reduced?	CORE|P0 transducer-core (Rust builtin, big lift, architecturally foundational)
reductions	CORE|P1 reduction/seq helpers (pure-mova, cheap)
ref	HOST|dep: STM / refs (no transactional-memory subsystem)
ref-history-count	HOST|dep: STM / refs (no transactional-memory subsystem)
ref-max-history	HOST|dep: STM / refs (no transactional-memory subsystem)
ref-min-history	HOST|dep: STM / refs (no transactional-memory subsystem)
ref-set	HOST|dep: STM / refs (no transactional-memory subsystem)
refer	HOST|dep: namespace-as-first-class-value (ns/require exist as loader mechanics, not introspectable objects)
refer-clojure	HOST|dep: namespace-as-first-class-value (ns/require exist as loader mechanics, not introspectable objects)
reify	HOST|dep: protocols/multimethods/records/deftype/reify (none of defprotocol/defmulti/deftype exist; no dispatch-hierarchy)
release-pending-sends	HOST|dep: agent subsystem (no agent send-queue/executor model)
remove-all-methods	HOST|dep: protocols/multimethods/records/deftype/reify (none of defprotocol/defmulti/deftype exist; no dispatch-hierarchy)
remove-method	HOST|dep: protocols/multimethods/records/deftype/reify (none of defprotocol/defmulti/deftype exist; no dispatch-hierarchy)
remove-ns	HOST|dep: namespace-as-first-class-value (ns/require exist as loader mechanics, not introspectable objects)
remove-tap	CORE|P1 misc small facility (global pub/sub list -- Rust builtin, moderate)
remove-watch	CORE|P1 existing-subsystem completion (atoms present, CAS/validator/watch ops aren't)
replicate	CORE|P1 reduction/seq helpers (pure-mova, cheap)
req!	CORE|P0 core seq/coll gaps (pure-mova or thin Rust builtin, everyday idioms)
require	HOST|dep: namespace-as-first-class-value (ns/require exist as loader mechanics, not introspectable objects)
requiring-resolve	HOST|dep: namespace-as-first-class-value (ns/require exist as loader mechanics, not introspectable objects)
reset-meta!	HOST|dep: metadata (no meta field on Value at all -- P0, blocks with-meta/vary-meta callers, docstrings-as-data, ^:dynamic, etc.)
reset-vals!	CORE|P1 existing-subsystem completion (atoms present, CAS/validator/watch ops aren't)
resolve	HOST|dep: namespace-as-first-class-value (ns/require exist as loader mechanics, not introspectable objects)
restart-agent	HOST|dep: agent subsystem (no agent send-queue/executor model)
resultset-seq	JVM|Java-collection/iterator/XML/JDBC interop -- drop
reversible?	CORE|P0 fundamental predicates (pure-mova/cheap Rust builtin)
rseq	HOST|dep: sorted/tree collection variant (Map/Set have no ordered-by-comparator form)
rsubseq	HOST|dep: sorted/tree collection variant (Map/Set have no ordered-by-comparator form)
run!	CORE|P0 core seq/coll gaps (pure-mova or thin Rust builtin, everyday idioms)
satisfies?	HOST|dep: protocols/multimethods/records/deftype/reify (none of defprotocol/defmulti/deftype exist; no dispatch-hierarchy)
send	HOST|dep: agent subsystem (no agent send-queue/executor model)
send-off	HOST|dep: agent subsystem (no agent send-queue/executor model)
send-via	HOST|dep: agent subsystem (no agent send-queue/executor model)
seq-to-map-for-destructuring	JVM|reader/printer implementation internals tied to Clojure's own compiler -- drop (mova reader/destructuring implemented natively in Rust)
seqable?	CORE|P0 fundamental predicates (pure-mova/cheap Rust builtin)
seque	CORE|P1 reduction/seq helpers (pure-mova, cheap)
sequence	CORE|P0 transducer-core (Rust builtin, big lift, architecturally foundational)
set-agent-send-executor!	HOST|dep: agent subsystem (no agent send-queue/executor model)
set-agent-send-off-executor!	HOST|dep: agent subsystem (no agent send-queue/executor model)
set-error-handler!	HOST|dep: agent subsystem (no agent send-queue/executor model)
set-error-mode!	HOST|dep: agent subsystem (no agent send-queue/executor model)
set-validator!	CORE|P1 existing-subsystem completion (atoms present, CAS/validator/watch ops aren't)
short	CORE|P1 bit ops + primitive casts + auto-promoting arithmetic (pure portable, Rust builtin, bit-and/bit-or already present so this is just sibling completion)
short-array	HOST|dep: array Value variant (no primitive/object array type at all)
shorts	HOST|dep: array Value variant (no primitive/object array type at all)
shuffle	CORE|P0 core seq/coll gaps (pure-mova or thin Rust builtin, everyday idioms)
shutdown-agents	HOST|dep: agent subsystem (no agent send-queue/executor model)
simple-ident?	CORE|P0 fundamental predicates (pure-mova/cheap Rust builtin)
simple-keyword?	CORE|P0 fundamental predicates (pure-mova/cheap Rust builtin)
simple-symbol?	CORE|P0 fundamental predicates (pure-mova/cheap Rust builtin)
some-fn	CORE|P0 core seq/coll gaps (pure-mova or thin Rust builtin, everyday idioms)
some-vals	CORE|P0 core seq/coll gaps (pure-mova or thin Rust builtin, everyday idioms)
sorted-map	HOST|dep: sorted/tree collection variant (Map/Set have no ordered-by-comparator form)
sorted-map-by	HOST|dep: sorted/tree collection variant (Map/Set have no ordered-by-comparator form)
sorted-set	HOST|dep: sorted/tree collection variant (Map/Set have no ordered-by-comparator form)
sorted-set-by	HOST|dep: sorted/tree collection variant (Map/Set have no ordered-by-comparator form)
sorted?	HOST|dep: sorted/tree collection variant (Map/Set have no ordered-by-comparator form)
special-symbol?	HOST|dep: namespace-as-first-class-value (ns/require exist as loader mechanics, not introspectable objects)
split-with	CORE|P0 core seq/coll gaps (pure-mova or thin Rust builtin, everyday idioms)
splitv-at	CORE|P0 core seq/coll gaps (pure-mova or thin Rust builtin, everyday idioms)
stream-into!	JVM|java.util.stream interop (new in 1.13 alpha) -- drop, no JVM streams to bridge
stream-reduce!	JVM|java.util.stream interop (new in 1.13 alpha) -- drop, no JVM streams to bridge
stream-seq!	JVM|java.util.stream interop (new in 1.13 alpha) -- drop, no JVM streams to bridge
stream-transduce!	JVM|java.util.stream interop (new in 1.13 alpha) -- drop, no JVM streams to bridge
struct	HOST|dep: protocols/multimethods/records/deftype/reify (none of defprotocol/defmulti/deftype exist; no dispatch-hierarchy)
struct-map	HOST|dep: protocols/multimethods/records/deftype/reify (none of defprotocol/defmulti/deftype exist; no dispatch-hierarchy)
subseq	HOST|dep: sorted/tree collection variant (Map/Set have no ordered-by-comparator form)
supers	HOST|dep: type/dispatch hierarchy system (backs multimethods + isa?)
swap-vals!	CORE|P1 existing-subsystem completion (atoms present, CAS/validator/watch ops aren't)
sync	HOST|dep: STM / refs (no transactional-memory subsystem)
tagged-literal	CORE|P2 reader-adjacent value types (pure-mova/small Rust builtin)
tagged-literal?	CORE|P2 reader-adjacent value types (pure-mova/small Rust builtin)
take-nth	CORE|P1 reduction/seq helpers (pure-mova, cheap)
tap>	CORE|P1 misc small facility (global pub/sub list -- Rust builtin, moderate)
test	JVM|misc JVM-only
the-ns	HOST|dep: namespace-as-first-class-value (ns/require exist as loader mechanics, not introspectable objects)
thread-bound?	HOST|dep: dynamic-var + thread-local binding stack (special form `def`/`var` exist; `binding` does not)
time	CORE|P2 time/dates (Rust builtin, needs a clock)
to-array	HOST|dep: array Value variant (no primitive/object array type at all)
to-array-2d	HOST|dep: array Value variant (no primitive/object array type at all)
trampoline	CORE|P1 reduction/seq helpers (pure-mova, cheap)
transduce	CORE|P0 transducer-core (Rust builtin, big lift, architecturally foundational)
tree-seq	CORE|P0 core seq/coll gaps (pure-mova or thin Rust builtin, everyday idioms)
type	JVM|misc JVM-only
unchecked-add	JVM|unboxed-primitive overflow ops -- mova has only i64/f64, no box/unbox distinction; low value, could alias to wrapping ops
unchecked-add-int	JVM|unboxed-primitive overflow ops -- mova has only i64/f64, no box/unbox distinction; low value, could alias to wrapping ops
unchecked-byte	JVM|unboxed-primitive overflow ops -- mova has only i64/f64, no box/unbox distinction; low value, could alias to wrapping ops
unchecked-char	JVM|unboxed-primitive overflow ops -- mova has only i64/f64, no box/unbox distinction; low value, could alias to wrapping ops
unchecked-dec	JVM|unboxed-primitive overflow ops -- mova has only i64/f64, no box/unbox distinction; low value, could alias to wrapping ops
unchecked-dec-int	JVM|unboxed-primitive overflow ops -- mova has only i64/f64, no box/unbox distinction; low value, could alias to wrapping ops
unchecked-divide-int	JVM|unboxed-primitive overflow ops -- mova has only i64/f64, no box/unbox distinction; low value, could alias to wrapping ops
unchecked-double	JVM|unboxed-primitive overflow ops -- mova has only i64/f64, no box/unbox distinction; low value, could alias to wrapping ops
unchecked-float	JVM|unboxed-primitive overflow ops -- mova has only i64/f64, no box/unbox distinction; low value, could alias to wrapping ops
unchecked-inc	JVM|unboxed-primitive overflow ops -- mova has only i64/f64, no box/unbox distinction; low value, could alias to wrapping ops
unchecked-inc-int	JVM|unboxed-primitive overflow ops -- mova has only i64/f64, no box/unbox distinction; low value, could alias to wrapping ops
unchecked-int	JVM|unboxed-primitive overflow ops -- mova has only i64/f64, no box/unbox distinction; low value, could alias to wrapping ops
unchecked-long	JVM|unboxed-primitive overflow ops -- mova has only i64/f64, no box/unbox distinction; low value, could alias to wrapping ops
unchecked-multiply	JVM|unboxed-primitive overflow ops -- mova has only i64/f64, no box/unbox distinction; low value, could alias to wrapping ops
unchecked-multiply-int	JVM|unboxed-primitive overflow ops -- mova has only i64/f64, no box/unbox distinction; low value, could alias to wrapping ops
unchecked-negate	JVM|unboxed-primitive overflow ops -- mova has only i64/f64, no box/unbox distinction; low value, could alias to wrapping ops
unchecked-negate-int	JVM|unboxed-primitive overflow ops -- mova has only i64/f64, no box/unbox distinction; low value, could alias to wrapping ops
unchecked-remainder-int	JVM|unboxed-primitive overflow ops -- mova has only i64/f64, no box/unbox distinction; low value, could alias to wrapping ops
unchecked-short	JVM|unboxed-primitive overflow ops -- mova has only i64/f64, no box/unbox distinction; low value, could alias to wrapping ops
unchecked-subtract	JVM|unboxed-primitive overflow ops -- mova has only i64/f64, no box/unbox distinction; low value, could alias to wrapping ops
unchecked-subtract-int	JVM|unboxed-primitive overflow ops -- mova has only i64/f64, no box/unbox distinction; low value, could alias to wrapping ops
underive	HOST|dep: type/dispatch hierarchy system (backs multimethods + isa?)
unquote	ALREADY-PRESENT|special-form (verified working)
unquote-splicing	ALREADY-PRESENT|special-form (verified working)
unreduced	CORE|P0 transducer-core (Rust builtin, big lift, architecturally foundational)
unsigned-bit-shift-right	CORE|P1 bit ops + primitive casts + auto-promoting arithmetic (pure portable, Rust builtin, bit-and/bit-or already present so this is just sibling completion)
update-keys	CORE|P1 reduction/seq helpers (pure-mova, cheap)
update-proxy	JVM|gen-class/proxy/interop-class-generation -- drop (no bytecode gen host)
update-vals	CORE|P1 reduction/seq helpers (pure-mova, cheap)
uri?	CORE|P0 fundamental predicates (pure-mova/cheap Rust builtin)
use	HOST|dep: namespace-as-first-class-value (ns/require exist as loader mechanics, not introspectable objects)
uuid?	CORE|P0 core seq/coll gaps (pure-mova or thin Rust builtin, everyday idioms)
val	CORE|P0 core seq/coll gaps (pure-mova or thin Rust builtin, everyday idioms)
var-get	CORE|P1 existing-subsystem completion (Value::Var + (var x) present, accessor fns aren't)
var-set	CORE|P1 existing-subsystem completion (Value::Var + (var x) present, accessor fns aren't)
var?	CORE|P1 existing-subsystem completion (Value::Var + (var x) present, accessor fns aren't)
vary-meta	HOST|dep: metadata (no meta field on Value at all -- P0, blocks with-meta/vary-meta callers, docstrings-as-data, ^:dynamic, etc.)
vector-of	HOST|dep: array Value variant (no primitive/object array type at all)
volatile!	CORE|P1 volatile cells (simpler than atom, no CAS -- Rust builtin, easy)
volatile?	CORE|P1 volatile cells (simpler than atom, no CAS -- Rust builtin, easy)
vreset!	CORE|P1 volatile cells (simpler than atom, no CAS -- Rust builtin, easy)
vswap!	CORE|P1 volatile cells (simpler than atom, no CAS -- Rust builtin, easy)
when-first	CORE|P0 core seq/coll gaps (pure-mova or thin Rust builtin, everyday idioms)
when-some	CORE|P0 core seq/coll gaps (pure-mova or thin Rust builtin, everyday idioms)
with-bindings	HOST|dep: dynamic-var + thread-local binding stack (special form `def`/`var` exist; `binding` does not)
with-bindings*	HOST|dep: dynamic-var + thread-local binding stack (special form `def`/`var` exist; `binding` does not)
with-in-str	CORE|P1 string/printing (Rust builtin: format needs a printf-style formatter)
with-loading-context	JVM|classpath & compiler internals -- drop
with-local-vars	HOST|dep: dynamic-var + thread-local binding stack (special form `def`/`var` exist; `binding` does not)
with-meta	HOST|dep: metadata (no meta field on Value at all -- P0, blocks with-meta/vary-meta callers, docstrings-as-data, ^:dynamic, etc.)
with-open	HOST|dep: locking primitive / resource-close protocol
with-out-str	CORE|P1 string/printing (Rust builtin: format needs a printf-style formatter)
with-precision	CORE|P0 numeric tower (Rust builtin, new Value variants: Ratio/BigInt/BigDecimal)
with-redefs	HOST|dep: dynamic-var + thread-local binding stack (special form `def`/`var` exist; `binding` does not)
with-redefs-fn	HOST|dep: dynamic-var + thread-local binding stack (special form `def`/`var` exist; `binding` does not)
xml-seq	JVM|Java-collection/iterator/XML/JDBC interop -- drop
